{"cameraMode":{"drawMode":2,"name":"Shaded Wireframe","section":"Shading Mode"},"sceneLighting":true,"audioPlay":false,"sceneViewState":{"showFog":true,"showMaterialUpdate":false,"showSkybox":true,"showFlares":true,"showImageEffects":true,"showParticleSystems":true},"in2DMode":false,"pivot":{"x":31.75361442565918,"y":-10.094316482543946,"z":42.294700622558597},"rotation":{"x":-0.22327426075935365,"y":-0.22086739540100099,"z":0.052019860595464709,"w":-0.9479824900627136},"size":45.54043960571289,"orthographic":false}