{"cameraMode":{"drawMode":0,"name":"Shaded","section":"Shading Mode"},"sceneLighting":false,"audioPlay":false,"sceneViewState":{"showFog":true,"showMaterialUpdate":false,"showSkybox":true,"showFlares":true,"showImageEffects":true,"showParticleSystems":true},"in2DMode":false,"pivot":{"x":1.542129397392273,"y":6.960021018981934,"z":5.585430145263672},"rotation":{"x":-0.03265349566936493,"y":0.04631020873785019,"z":0.0014864569529891015,"w":0.9984743595123291},"size":20.369009017944337,"orthographic":false}