{"cameraMode":{"drawMode":2,"name":"Shaded Wireframe","section":"Shading Mode"},"sceneLighting":false,"audioPlay":false,"sceneViewState":{"showFog":true,"showMaterialUpdate":false,"showSkybox":true,"showFlares":true,"showImageEffects":true,"showParticleSystems":true},"in2DMode":false,"pivot":{"x":53.50421905517578,"y":-38.409786224365237,"z":1.8868800401687623},"rotation":{"x":-0.085837721824646,"y":-0.910568356513977,"z":0.32601290941238406,"w":-0.23974686861038209},"size":108.31627655029297,"orthographic":false}