{"cameraMode":{"drawMode":2,"name":"Shaded Wireframe","section":"Shading Mode"},"sceneLighting":false,"audioPlay":false,"sceneViewState":{"showFog":true,"showMaterialUpdate":false,"showSkybox":true,"showFlares":true,"showImageEffects":true,"showParticleSystems":true},"in2DMode":false,"pivot":{"x":43.25419616699219,"y":140.31488037109376,"z":163.9300994873047},"rotation":{"x":0.04977668449282646,"y":-0.9320553541183472,"z":0.33055925369262698,"w":0.1404906064271927},"size":55.969234466552737,"orthographic":false}