{"cameraMode":{"drawMode":2,"name":"Shaded Wireframe","section":"Shading Mode"},"sceneLighting":false,"audioPlay":false,"sceneViewState":{"showFog":true,"showMaterialUpdate":false,"showSkybox":true,"showFlares":true,"showImageEffects":true,"showParticleSystems":true},"in2DMode":false,"pivot":{"x":19.235580444335939,"y":8.09475326538086,"z":-21.1260986328125},"rotation":{"x":0.1309957057237625,"y":0.8610247373580933,"z":-0.2779773473739624,"w":0.4055214524269104},"size":108.31627655029297,"orthographic":false}