{"cameraMode":{"drawMode":2,"name":"Shaded Wireframe","section":"Shading Mode"},"sceneLighting":true,"audioPlay":false,"sceneViewState":{"showFog":true,"showMaterialUpdate":false,"showSkybox":true,"showFlares":true,"showImageEffects":true,"showParticleSystems":true},"in2DMode":false,"pivot":{"x":30.14080238342285,"y":-25.964296340942384,"z":40.316375732421878},"rotation":{"x":-0.31918612122535708,"y":-0.2673024535179138,"z":0.09434819221496582,"w":-0.9043113589286804},"size":66.60018157958985,"orthographic":false}