{"cameraMode":{"drawMode":2,"name":"Shaded Wireframe","section":"Shading Mode"},"sceneLighting":false,"audioPlay":false,"sceneViewState":{"showFog":true,"showMaterialUpdate":false,"showSkybox":true,"showFlares":true,"showImageEffects":true,"showParticleSystems":true},"in2DMode":false,"pivot":{"x":10.993779182434082,"y":10.364120483398438,"z":25.198087692260743},"rotation":{"x":-0.1940864473581314,"y":0.0022190064191818239,"z":-0.00035555000067688525,"w":-0.9810687303543091},"size":37.661949157714847,"orthographic":false}