{"cameraMode":{"drawMode":2,"name":"Shaded Wireframe","section":"Shading Mode"},"sceneLighting":false,"audioPlay":false,"sceneViewState":{"showFog":true,"showMaterialUpdate":false,"showSkybox":true,"showFlares":true,"showImageEffects":true,"showParticleSystems":true},"in2DMode":false,"pivot":{"x":103.06494140625,"y":95.70841217041016,"z":40.36695861816406},"rotation":{"x":0.15074166655540467,"y":-0.8048678636550903,"z":0.2308666706085205,"w":0.5257171988487244},"size":55.969234466552737,"orthographic":false}